event_id,offset_days,anomaly_C,panel
1798_irish_rebellion,-7,2.442905405405405,Violent uprisings
1798_irish_rebellion,-2,2.442905405405405,Violent uprisings
1798_irish_rebellion,-1,1.942905405405405,Violent uprisings
1798_irish_rebellion,0,1.442905405405405,Violent uprisings
1798_irish_rebellion,1,2.442905405405405,Violent uprisings
1798_irish_rebellion,2,4.642905405405404,Violent uprisings
1798_irish_rebellion,7,-0.057094594594595094,Violent uprisings
1819_peterloo,-7,3.775000000000002,Violent uprisings
1819_peterloo,-2,1.8750000000000036,Violent uprisings
1819_peterloo,-1,3.775000000000002,Violent uprisings
1819_peterloo,0,3.775000000000002,Violent uprisings
1819_peterloo,1,3.575000000000003,Violent uprisings
1819_peterloo,2,2.1750000000000043,Violent uprisings
1819_peterloo,7,4.075000000000003,Violent uprisings
1823_demerara,-7,0.05932317628451145,Violent uprisings
1823_demerara,-2,0.13305364503451145,Violent uprisings
1823_demerara,-1,0.15807805909701145,Violent uprisings
1823_demerara,0,0.21307073487826145,Violent uprisings
1823_demerara,1,0.20806585206576145,Violent uprisings
1823_demerara,2,0.21682439698763645,Violent uprisings
1823_demerara,7,0.24932561769076145,Violent uprisings
1825_decembrist,-7,-0.6564821382848187,Violent uprisings
1825_decembrist,-2,-0.8714784761754437,Violent uprisings
1825_decembrist,-1,-0.9539674898473187,Violent uprisings
1825_decembrist,0,-0.05021993125356872,Violent uprisings
1825_decembrist,1,-0.20396748984731872,Violent uprisings
1825_decembrist,2,-0.22270528281606872,Violent uprisings
1825_decembrist,7,-0.5802187105504437,Violent uprisings
1831_nat_turner,-7,0.07533825833373697,Violent uprisings
1831_nat_turner,-2,0.060323609896236974,Violent uprisings
1831_nat_turner,-1,0.056569947786861974,Violent uprisings
1831_nat_turner,0,0.07658947903686197,Violent uprisings
1831_nat_turner,1,0.060323609896236974,Violent uprisings
1831_nat_turner,2,0.032827272005611974,Violent uprisings
1831_nat_turner,7,-0.025919065885013026,Violent uprisings
1848_berlin_march,-7,0.759662464352473,Violent uprisings
1848_berlin_march,-2,3.965747669430598,Violent uprisings
1848_berlin_march,-1,4.093463733883723,Violent uprisings
1848_berlin_march,0,4.683643177243098,Violent uprisings
1848_berlin_march,1,5.775684192868098,Violent uprisings
1848_berlin_march,2,7.514697864743098,Violent uprisings
1848_berlin_march,7,4.709491565914973,Violent uprisings
1848_june_days,-7,1.0941622295076883,Violent uprisings
1848_june_days,-2,-1.1532742939298117,Violent uprisings
1848_june_days,-1,-1.0986478290860617,Violent uprisings
1848_june_days,0,0.23371911427331327,Violent uprisings
1848_june_days,1,3.4440157451326883,Violent uprisings
1848_june_days,2,-0.6406094990079367,Violent uprisings
1848_june_days,7,0.6314547099764383,Violent uprisings
1848_milan_five_days,-7,0.849211897586752,Violent uprisings
1848_milan_five_days,-2,-2.018708024288248,Violent uprisings
1848_milan_five_days,-1,-2.033509049678873,Violent uprisings
1848_milan_five_days,0,-4.011902604366373,Violent uprisings
1848_milan_five_days,1,-1.286927018428873,Violent uprisings
1848_milan_five_days,2,-2.800781998897623,Violent uprisings
1848_milan_five_days,7,4.434600081180502,Violent uprisings
1848_vienna_october,-7,7.476577851830459,Violent uprisings
1848_vienna_october,-2,3.2051545119867093,Violent uprisings
1848_vienna_october,-1,3.3733674026117093,Violent uprisings
1848_vienna_october,0,4.245010469017959,Violent uprisings
1848_vienna_october,1,4.931625459252334,Violent uprisings
1848_vienna_october,2,4.448989961205459,Violent uprisings
1848_vienna_october,7,-1.9241484665289157,Violent uprisings
1851_jintian,-7,-1.633466942910033,Violent uprisings
1851_jintian,-2,-1.813886864785033,Violent uprisings
1851_jintian,-1,-1.552168114785033,Violent uprisings
1851_jintian,0,-0.832838280800658,Violent uprisings
1851_jintian,1,-0.847364647988158,Violent uprisings
1851_jintian,2,-0.722700341347533,Violent uprisings
1851_jintian,7,0.985582129355592,Violent uprisings
1857_bibighar_cawnpore,-7,2.294382855936064,Violent uprisings
1857_bibighar_cawnpore,-2,2.533396527811064,Violent uprisings
1857_bibighar_cawnpore,-1,1.634257123514189,Violent uprisings
1857_bibighar_cawnpore,0,0.560709760232939,Violent uprisings
1857_bibighar_cawnpore,1,0.25379447702981395,Violent uprisings
1857_bibighar_cawnpore,2,-0.30190010304831105,Violent uprisings
1857_bibighar_cawnpore,7,-1.919789507345186,Violent uprisings
1857_meerut_mutiny,-7,-1.2299729797737697,Violent uprisings
1857_meerut_mutiny,-2,-2.3543015930550197,Violent uprisings
1857_meerut_mutiny,-1,-2.6818772766487697,Violent uprisings
1857_meerut_mutiny,0,-3.3140794250862697,Violent uprisings
1857_meerut_mutiny,1,-2.1596604797737697,Violent uprisings
1857_meerut_mutiny,2,-2.0014878723518947,Violent uprisings
1857_meerut_mutiny,7,-1.3225327942268947,Violent uprisings
1857_siege_delhi,-7,1.0361997574094772,Violent uprisings
1857_siege_delhi,-2,0.26593608553447723,Violent uprisings
1857_siege_delhi,-1,-0.40767841641864777,Violent uprisings
1857_siege_delhi,0,-0.9659975082155228,Violent uprisings
1857_siege_delhi,1,-1.3155458480592728,Violent uprisings
1857_siege_delhi,2,-0.9311159164186478,Violent uprisings
1857_siege_delhi,7,-0.41652851407489777,Violent uprisings
1863_nyc_draft_riots,-7,-0.23195512455664868,Violent uprisings
1863_nyc_draft_riots,-2,4.554055617630851,Violent uprisings
1863_nyc_draft_riots,-1,4.560525344193351,Violent uprisings
1863_nyc_draft_riots,0,2.9252714379433513,Violent uprisings
1863_nyc_draft_riots,1,0.5702299340371013,Violent uprisings
1863_nyc_draft_riots,2,3.3303007348183513,Violent uprisings
1863_nyc_draft_riots,7,0.6956876977089763,Violent uprisings
1866_memphis_massacre,-7,-8.526514276727898,Violent uprisings
1866_memphis_massacre,-2,0.8330133111627269,Violent uprisings
1866_memphis_massacre,-1,0.8946283013971019,Violent uprisings
1866_memphis_massacre,0,0.7767694146783519,Violent uprisings
1866_memphis_massacre,1,-1.608148798212273,Violent uprisings
1866_memphis_massacre,2,-4.671503290399773,Violent uprisings
1866_memphis_massacre,7,2.061376348272102,Violent uprisings
1866_new_orleans_massacre,-7,-2.289715410715125,Violent uprisings
1866_new_orleans_massacre,-2,-0.5994383111057502,Violent uprisings
1866_new_orleans_massacre,-1,-0.4628416314182502,Violent uprisings
1866_new_orleans_massacre,0,-0.5129514946995002,Violent uprisings
1866_new_orleans_massacre,1,-0.5577818169651252,Violent uprisings
1866_new_orleans_massacre,2,-1.0459715142307502,Violent uprisings
1866_new_orleans_massacre,7,-1.1817137017307502,Violent uprisings
1871_paris_commune,-7,-3.1549643300062282,Violent uprisings
1871_paris_commune,-2,-0.9192465565687282,Violent uprisings
1871_paris_commune,-1,0.08295070905627178,Violent uprisings
1871_paris_commune,0,0.08951198835314678,Violent uprisings
1871_paris_commune,1,1.0328103281968968,Violent uprisings
1871_paris_commune,2,4.234287378978147,Violent uprisings
1871_paris_commune,7,2.3819314219468968,Violent uprisings
1900_boxer_rebellion,-7,1.406150987413195,Violent uprisings
1900_boxer_rebellion,-2,-4.93183119032118,Violent uprisings
1900_boxer_rebellion,-1,-4.65216810438368,Violent uprisings
1900_boxer_rebellion,0,-1.96430189344618,Violent uprisings
1900_boxer_rebellion,1,0.617515733506945,Violent uprisings
1900_boxer_rebellion,2,3.761985948350695,Violent uprisings
1900_boxer_rebellion,7,-0.66059095594618,Violent uprisings
1905_bloody_sunday,-7,-3.2833333333333337,Violent uprisings
1905_bloody_sunday,-2,-6.883333333333333,Violent uprisings
1905_bloody_sunday,-1,-5.683333333333334,Violent uprisings
1905_bloody_sunday,0,-1.3833333333333333,Violent uprisings
1905_bloody_sunday,1,-0.8833333333333333,Violent uprisings
1905_bloody_sunday,2,2.416666666666667,Violent uprisings
1905_bloody_sunday,7,4.016666666666667,Violent uprisings
1910_mexican_revolution,-7,0.06709294394841336,Violent uprisings
1910_mexican_revolution,-2,0.48664860801091336,Violent uprisings
1910_mexican_revolution,-1,0.28230290488591336,Violent uprisings
1910_mexican_revolution,0,-1.5210348461636158e-05,Violent uprisings
1910_mexican_revolution,1,-0.23069758339533664,Violent uprisings
1910_mexican_revolution,2,-0.34855647011408664,Violent uprisings
1910_mexican_revolution,7,0.18675236777653836,Violent uprisings
1913_decena_tragica,-7,-0.5976305781184017,Violent uprisings
1913_decena_tragica,-2,0.0450390996159733,Violent uprisings
1913_decena_tragica,-1,-0.0126086054621517,Violent uprisings
1913_decena_tragica,0,-0.0652209101496517,Violent uprisings
1913_decena_tragica,1,0.1280469121159733,Violent uprisings
1913_decena_tragica,2,0.1126050175847233,Violent uprisings
1913_decena_tragica,7,-0.5259447871027767,Violent uprisings
1916_easter_rising,-7,-0.8224683544303808,Violent uprisings
1916_easter_rising,-2,-0.22246835443038115,Violent uprisings
1916_easter_rising,-1,1.97753164556962,Violent uprisings
1916_easter_rising,0,4.777531645569619,Violent uprisings
1916_easter_rising,1,4.777531645569619,Violent uprisings
1916_easter_rising,2,5.277531645569619,Violent uprisings
1916_easter_rising,7,3.0775316455696196,Violent uprisings
1917_east_st_louis,-7,0.06225484825042216,Violent uprisings
1917_east_st_louis,-2,-0.8955698587808278,Violent uprisings
1917_east_st_louis,-1,1.4147328755941722,Violent uprisings
1917_east_st_louis,0,0.5791615865316722,Violent uprisings
1917_east_st_louis,1,-6.047883091202703,Violent uprisings
1917_east_st_louis,2,-7.341584263077703,Violent uprisings
1917_east_st_louis,7,-1.0433054544839528,Violent uprisings
1917_february_revolution,-7,-6.3196319018404905,Violent uprisings
1917_february_revolution,-2,-12.419631901840491,Violent uprisings
1917_february_revolution,-1,-11.919631901840491,Violent uprisings
1917_february_revolution,0,-5.719631901840491,Violent uprisings
1917_february_revolution,1,-3.419631901840491,Violent uprisings
1917_february_revolution,2,-7.219631901840491,Violent uprisings
1917_february_revolution,7,-8.319631901840491,Violent uprisings
1917_october_revolution,-7,6.391139240506329,Violent uprisings
1917_october_revolution,-2,1.691139240506329,Violent uprisings
1917_october_revolution,-1,2.491139240506329,Violent uprisings
1917_october_revolution,0,2.5911392405063287,Violent uprisings
1917_october_revolution,1,3.5911392405063296,Violent uprisings
1917_october_revolution,2,3.1911392405063292,Violent uprisings
1917_october_revolution,7,4.191139240506329,Violent uprisings
1919_boston_police_strike,-7,0.24388388981894948,Violent uprisings
1919_boston_police_strike,-2,5.8066890656001995,Violent uprisings
1919_boston_police_strike,-1,8.15599326481895,Violent uprisings
1919_boston_police_strike,0,6.2045162140376995,Violent uprisings
1919_boston_police_strike,1,-1.8395816863529255,Violent uprisings
1919_boston_police_strike,2,-1.0366336883060505,Violent uprisings
1919_boston_police_strike,7,-4.1848575652591755,Violent uprisings
1919_chicago_red_summer,-7,1.9641434225992604,Violent uprisings
1919_chicago_red_summer,-2,1.7993790183023854,Violent uprisings
1919_chicago_red_summer,-1,4.0831009421305104,Violent uprisings
1919_chicago_red_summer,0,4.3404251608805104,Violent uprisings
1919_chicago_red_summer,1,3.9950577292398854,Violent uprisings
1919_chicago_red_summer,2,1.8025528464273854,Violent uprisings
1919_chicago_red_summer,7,0.24368443822426045,Violent uprisings
1919_dc_red_summer,-7,0.3817441975412237,Violent uprisings
1919_dc_red_summer,-2,-0.8219606364431513,Violent uprisings
1919_dc_red_summer,-1,-2.0162660563650263,Violent uprisings
1919_dc_red_summer,0,-1.5695497477712763,Violent uprisings
1919_dc_red_summer,1,-1.0123292887869013,Violent uprisings
1919_dc_red_summer,2,-1.4067384684744013,Violent uprisings
1919_dc_red_summer,7,2.3719785725412237,Violent uprisings
1919_elaine_massacre,-7,-6.061304601823323,Violent uprisings
1919_elaine_massacre,-2,-1.1808724729170734,Violent uprisings
1919_elaine_massacre,-1,-0.8428597776045734,Violent uprisings
1919_elaine_massacre,0,0.3289847048173016,Violent uprisings
1919_elaine_massacre,1,1.6735586794266766,Violent uprisings
1919_elaine_massacre,2,1.6743216188798016,Violent uprisings
1919_elaine_massacre,7,-4.583307775651448,Violent uprisings
1920_kapp_putsch,-7,12.485582822085892,Violent uprisings
1920_kapp_putsch,-2,-2.514417177914111,Violent uprisings
1920_kapp_putsch,-1,-4.6144171779141105,Violent uprisings
1920_kapp_putsch,0,-0.3144171779141107,Violent uprisings
1920_kapp_putsch,1,0.08558282208588963,Violent uprisings
1920_kapp_putsch,2,1.0855828220858887,Violent uprisings
1920_kapp_putsch,7,0.6855828220858902,Violent uprisings
1921_tulsa_massacre,-7,4.495261985618434,Violent uprisings
1921_tulsa_massacre,-2,5.381370384055934,Violent uprisings
1921_tulsa_massacre,-1,5.655265647727809,Violent uprisings
1921_tulsa_massacre,0,5.881980735618434,Violent uprisings
1921_tulsa_massacre,1,6.322288352805934,Violent uprisings
1921_tulsa_massacre,2,6.450584251243434,Violent uprisings
1921_tulsa_massacre,7,4.765373069602809,Violent uprisings
1923_beer_hall_putsch,-7,4.668253968253968,Violent uprisings
1923_beer_hall_putsch,-2,5.868253968253969,Violent uprisings
1923_beer_hall_putsch,-1,1.4682539682539684,Violent uprisings
1923_beer_hall_putsch,0,-0.5317460317460316,Violent uprisings
1923_beer_hall_putsch,1,-2.131746031746032,Violent uprisings
1923_beer_hall_putsch,2,-2.131746031746032,Violent uprisings
1923_beer_hall_putsch,7,2.6682539682539677,Violent uprisings
1927_shanghai_massacre,-7,-7.603144473121279,Violent uprisings
1927_shanghai_massacre,-2,-6.169550723121279,Violent uprisings
1927_shanghai_massacre,-1,-6.447993105933779,Violent uprisings
1927_shanghai_massacre,0,-5.029383486793154,Violent uprisings
1927_shanghai_massacre,1,-4.064631289527529,Violent uprisings
1927_shanghai_massacre,2,-4.924586123511904,Violent uprisings
1927_shanghai_massacre,7,1.0443164643787206,Violent uprisings
1936_spanish_civil_war_start,-7,1.0728783168675768,Violent uprisings
1936_spanish_civil_war_start,-2,0.7916893520238268,Violent uprisings
1936_spanish_civil_war_start,-1,1.2114891567113268,Violent uprisings
1936_spanish_civil_war_start,0,-0.7769751987574232,Violent uprisings
1936_spanish_civil_war_start,1,-0.18700937844492316,Violent uprisings
1936_spanish_civil_war_start,2,0.8918480434300768,Violent uprisings
1936_spanish_civil_war_start,7,1.0463890590550768,Violent uprisings
1937_barcelona_may_days,-7,-1.9249751618261435,Violent uprisings
1937_barcelona_may_days,-2,-1.9605586579198935,Violent uprisings
1937_barcelona_may_days,-1,-2.0148189118261435,Violent uprisings
1937_barcelona_may_days,0,-1.6497371247167685,Violent uprisings
1937_barcelona_may_days,1,-0.9775264313573935,Violent uprisings
1937_barcelona_may_days,2,-0.21058917549801848,Violent uprisings
1937_barcelona_may_days,7,-0.9150874665136435,Violent uprisings
1938_kristallnacht,-7,3.87015873015873,Violent uprisings
1938_kristallnacht,-2,7.37015873015873,Violent uprisings
1938_kristallnacht,-1,5.570158730158729,Violent uprisings
1938_kristallnacht,0,4.4701587301587296,Violent uprisings
1938_kristallnacht,1,4.9701587301587296,Violent uprisings
1938_kristallnacht,2,2.87015873015873,Violent uprisings
1938_kristallnacht,7,4.37015873015873,Violent uprisings
1943_detroit_race_riot,-7,2.1644444444444453,Violent uprisings
1943_detroit_race_riot,-2,2.7644444444444467,Violent uprisings
1943_detroit_race_riot,-1,6.064444444444447,Violent uprisings
1943_detroit_race_riot,0,6.664444444444445,Violent uprisings
1943_detroit_race_riot,1,6.064444444444447,Violent uprisings
1943_detroit_race_riot,2,6.664444444444445,Violent uprisings
1943_detroit_race_riot,7,8.864444444444445,Violent uprisings
1943_warsaw_ghetto_uprising,-7,-0.670721144903272,Violent uprisings
1943_warsaw_ghetto_uprising,-2,1.888818650018603,Violent uprisings
1943_warsaw_ghetto_uprising,-1,-0.23312959216889695,Violent uprisings
1943_warsaw_ghetto_uprising,0,7.537958054315478,Violent uprisings
1943_warsaw_ghetto_uprising,1,3.240594773065478,Violent uprisings
1943_warsaw_ghetto_uprising,2,3.539697556268603,Violent uprisings
1943_warsaw_ghetto_uprising,7,6.675012497674853,Violent uprisings
1943_zoot_suit_riots,-1,-3.3217948717948715,Violent uprisings
1943_zoot_suit_riots,0,-3.8217948717948715,Violent uprisings
1943_zoot_suit_riots,1,-3.8217948717948715,Violent uprisings
1943_zoot_suit_riots,2,-3.3217948717948715,Violent uprisings
1943_zoot_suit_riots,7,-2.1217948717948723,Violent uprisings
1944_warsaw_uprising,-7,-2.542311476515575,Violent uprisings
1944_warsaw_uprising,-2,2.85115165825005,Violent uprisings
1944_warsaw_uprising,-1,1.8954936992656748,Violent uprisings
1944_warsaw_uprising,0,-0.5493610370624502,Violent uprisings
1944_warsaw_uprising,1,-0.5975788104999502,Violent uprisings
1944_warsaw_uprising,2,-2.0242755878437,Violent uprisings
1944_warsaw_uprising,7,3.8881999980938,Violent uprisings
1947_partition_punjab,-7,4.040260642584123,Violent uprisings
1947_partition_punjab,-2,4.268684714849748,Violent uprisings
1947_partition_punjab,-1,4.026619285162248,Violent uprisings
1947_partition_punjab,0,3.4835284648497478,Violent uprisings
1947_partition_punjab,1,4.247474998052873,Violent uprisings
1947_partition_punjab,2,3.4990008769591228,Violent uprisings
1947_partition_punjab,7,-4.554008156244002,Violent uprisings
1956_hungarian_revolution,-7,-0.9961099449110904,Violent uprisings
1956_hungarian_revolution,-2,3.5283956703232846,Violent uprisings
1956_hungarian_revolution,-1,3.5900106605576596,Violent uprisings
1956_hungarian_revolution,0,3.6359701332139096,Violent uprisings
1956_hungarian_revolution,1,2.5409689125107846,Violent uprisings
1956_hungarian_revolution,2,3.0944357093857846,Violent uprisings
1956_hungarian_revolution,7,-6.35347078475484,Violent uprisings
1960_sharpeville_massacre,-7,1.265097027176001,Violent uprisings
1960_sharpeville_massacre,-2,-1.403329486495874,Violent uprisings
1960_sharpeville_massacre,-1,-1.878305072433374,Violent uprisings
1960_sharpeville_massacre,0,-0.6202789493864991,Violent uprisings
1960_sharpeville_massacre,1,0.3356231502228759,Violent uprisings
1960_sharpeville_massacre,2,0.06777036701975092,Violent uprisings
1960_sharpeville_massacre,7,-3.385873431808374,Violent uprisings
1965_watts_riots,-7,0.33307362187859724,Violent uprisings
1965_watts_riots,-2,3.3929185925817222,Violent uprisings
1965_watts_riots,-1,3.4342699109410972,Violent uprisings
1965_watts_riots,0,2.0080614148473472,Violent uprisings
1965_watts_riots,1,0.9729356824254722,Violent uprisings
1965_watts_riots,2,1.8432664929723472,Violent uprisings
1965_watts_riots,7,-1.3857374132776528,Violent uprisings
1967_detroit_riots,-7,-4.474233128834353,Violent uprisings
1967_detroit_riots,-2,-0.07423312883435429,Violent uprisings
1967_detroit_riots,-1,3.325766871165648,Violent uprisings
1967_detroit_riots,0,3.325766871165648,Violent uprisings
1967_detroit_riots,1,4.925766871165649,Violent uprisings
1967_detroit_riots,2,1.625766871165645,Violent uprisings
1967_detroit_riots,7,-2.2742331288343536,Violent uprisings
1967_newark_riots,-7,-6.263190184049076,Violent uprisings
1967_newark_riots,-2,2.1368098159509223,Violent uprisings
1967_newark_riots,-1,-1.2631901840490762,Violent uprisings
1967_newark_riots,0,2.1368098159509223,Violent uprisings
1967_newark_riots,1,-1.2631901840490762,Violent uprisings
1967_newark_riots,2,-2.8631901840490777,Violent uprisings
1967_newark_riots,7,-3.4631901840490755,Violent uprisings
1968_mlk_dc_riots,-7,8.373354231974922,Violent uprisings
1968_mlk_dc_riots,-2,-2.7266457680250795,Violent uprisings
1968_mlk_dc_riots,-1,-5.52664576802508,Violent uprisings
1968_mlk_dc_riots,0,2.873354231974922,Violent uprisings
1968_mlk_dc_riots,1,0.5733542319749212,Violent uprisings
1968_mlk_dc_riots,2,-6.02664576802508,Violent uprisings
1968_mlk_dc_riots,7,-0.5266457680250802,Violent uprisings
1968_paris_may,-7,-1.807361963190182,Violent uprisings
1968_paris_may,-2,-7.107361963190183,Violent uprisings
1968_paris_may,-1,-0.10736196319018276,Violent uprisings
1968_paris_may,0,-3.0073619631901813,Violent uprisings
1968_paris_may,1,-6.707361963190182,Violent uprisings
1968_paris_may,2,-3.807361963190182,Violent uprisings
1968_paris_may,7,-5.307361963190182,Violent uprisings
1968_prague_spring,-7,-0.559190808629694,Violent uprisings
1968_prague_spring,-2,-4.767717419957819,Violent uprisings
1968_prague_spring,-1,-6.482408582067194,Violent uprisings
1968_prague_spring,0,-3.696123181676569,Violent uprisings
1968_prague_spring,1,-1.738847791051569,Violent uprisings
1968_prague_spring,2,-1.585405408239069,Violent uprisings
1968_prague_spring,7,0.27876085152655605,Violent uprisings
1968_tlatelolco,-7,-0.4417391304347795,Violent uprisings
1968_tlatelolco,-2,0.058260869565220474,Violent uprisings
1968_tlatelolco,-1,0.6582608695652183,Violent uprisings
1968_tlatelolco,0,0.6582608695652183,Violent uprisings
1968_tlatelolco,1,0.6582608695652183,Violent uprisings
1968_tlatelolco,2,0.6582608695652183,Violent uprisings
1968_tlatelolco,7,1.1582608695652183,Violent uprisings
1969_stonewall,-7,-4.701249999999998,Violent uprisings
1969_stonewall,-2,-1.401250000000001,Violent uprisings
1969_stonewall,-1,4.798750000000002,Violent uprisings
1969_stonewall,0,8.598749999999999,Violent uprisings
1969_stonewall,1,3.598749999999999,Violent uprisings
1969_stonewall,2,4.798750000000002,Violent uprisings
1969_stonewall,7,5.298750000000002,Violent uprisings
1970_kent_state,-7,4.842121212121214,Violent uprisings
1970_kent_state,-2,-3.5578787878787885,Violent uprisings
1970_kent_state,-1,-6.8578787878787875,Violent uprisings
1970_kent_state,0,1.4421212121212115,Violent uprisings
1970_kent_state,1,-0.1578787878787864,Violent uprisings
1970_kent_state,2,-12.457878787878787,Violent uprisings
1970_kent_state,7,3.6421212121212108,Violent uprisings
1971_attica_prison,-7,4.426666666666666,Violent uprisings
1971_attica_prison,-2,4.926666666666666,Violent uprisings
1971_attica_prison,-1,7.126666666666665,Violent uprisings
1971_attica_prison,0,4.426666666666666,Violent uprisings
1971_attica_prison,1,7.126666666666665,Violent uprisings
1971_attica_prison,2,4.426666666666666,Violent uprisings
1971_attica_prison,7,-2.273333333333337,Violent uprisings
1972_bloody_sunday_derry,-7,1.3454819277108427,Violent uprisings
1972_bloody_sunday_derry,-2,-1.1545180722891573,Violent uprisings
1972_bloody_sunday_derry,-1,-2.6545180722891573,Violent uprisings
1972_bloody_sunday_derry,0,-5.854518072289157,Violent uprisings
1972_bloody_sunday_derry,1,-5.754518072289157,Violent uprisings
1972_bloody_sunday_derry,2,-2.254518072289157,Violent uprisings
1972_bloody_sunday_derry,7,-1.0545180722891576,Violent uprisings
1976_soweto_uprising,-7,-3.4085805792557515,Violent uprisings
1976_soweto_uprising,-2,0.15040989925987347,Violent uprisings
1976_soweto_uprising,-1,-0.9034231085526265,Violent uprisings
1976_soweto_uprising,0,0.7394601922286235,Violent uprisings
1976_soweto_uprising,1,2.4783212762129985,Violent uprisings
1976_soweto_uprising,2,3.2293588738692485,Violent uprisings
1976_soweto_uprising,7,-5.7636831183182515,Violent uprisings
1978_iran_black_friday,-7,2.3846153846153832,Violent uprisings
1978_iran_black_friday,-1,-1.6153846153846168,Violent uprisings
1978_iran_black_friday,0,1.3846153846153832,Violent uprisings
1978_iran_black_friday,1,4.384615384615383,Violent uprisings
1978_iran_black_friday,2,3.3846153846153832,Violent uprisings
1978_iran_black_friday,7,1.3846153846153832,Violent uprisings
1979_iranian_revolution,-7,2.2367113457351433,Violent uprisings
1979_iranian_revolution,-2,3.9943712578445183,Violent uprisings
1979_iranian_revolution,-1,5.161577068391393,Violent uprisings
1979_iranian_revolution,0,3.6853197441726433,Violent uprisings
1979_iranian_revolution,1,4.214769207063268,Violent uprisings
1979_iranian_revolution,2,5.773393474641393,Violent uprisings
1979_iranian_revolution,7,-1.3818189277023567,Violent uprisings
1980_miami_liberty_city,-7,-0.6389570552147283,Violent uprisings
1980_miami_liberty_city,-2,0.4610429447852731,Violent uprisings
1980_miami_liberty_city,-1,0.4610429447852731,Violent uprisings
1980_miami_liberty_city,0,-0.13895705521472834,Violent uprisings
1980_miami_liberty_city,1,0.4610429447852731,Violent uprisings
1980_miami_liberty_city,2,0.4610429447852731,Violent uprisings
1980_miami_liberty_city,7,3.7610429447852702,Violent uprisings
1980_nm_state_penitentiary,-7,-1.3120268827639752,Violent uprisings
1980_nm_state_penitentiary,-2,-1.8640593534671002,Violent uprisings
1980_nm_state_penitentiary,-1,-0.8275603300296002,Violent uprisings
1980_nm_state_penitentiary,0,0.5927582734860248,Violent uprisings
1980_nm_state_penitentiary,1,1.6214447969235248,Violent uprisings
1980_nm_state_penitentiary,2,3.191269015673525,Violent uprisings
1980_nm_state_penitentiary,7,-5.169448757763975,Violent uprisings
1980_stpauls_riot,-7,-2.9560126582278485,Violent uprisings
1980_stpauls_riot,-2,-0.9560126582278485,Violent uprisings
1980_stpauls_riot,-1,-0.9560126582278485,Violent uprisings
1980_stpauls_riot,0,0.04398734177215147,Violent uprisings
1980_stpauls_riot,1,0.04398734177215147,Violent uprisings
1980_stpauls_riot,2,0.04398734177215147,Violent uprisings
1980_stpauls_riot,7,-1.9560126582278485,Violent uprisings
1981_brixton_riot,-7,0.18658146964856392,Violent uprisings
1981_brixton_riot,-2,4.186581469648564,Violent uprisings
1981_brixton_riot,-1,7.186581469648564,Violent uprisings
1981_brixton_riot,0,9.186581469648564,Violent uprisings
1981_brixton_riot,1,7.186581469648564,Violent uprisings
1981_brixton_riot,2,4.186581469648564,Violent uprisings
1981_brixton_riot,7,-0.8134185303514361,Violent uprisings
1981_toxteth_riots,-7,-6.152147239263801,Violent uprisings
1981_toxteth_riots,-2,-2.152147239263801,Violent uprisings
1981_toxteth_riots,0,-3.152147239263801,Violent uprisings
1981_toxteth_riots,1,0.847852760736199,Violent uprisings
1981_toxteth_riots,2,-1.152147239263801,Violent uprisings
1981_toxteth_riots,7,1.847852760736199,Violent uprisings
1982_hama_massacre,-7,1.2345048620345764,Violent uprisings
1982_hama_massacre,-2,-1.4044111535904236,Violent uprisings
1982_hama_massacre,-1,-0.6065595910904236,Violent uprisings
1982_hama_massacre,0,-2.2447431848404236,Violent uprisings
1982_hama_massacre,1,-7.405875997340424,Violent uprisings
1982_hama_massacre,2,-8.308219747340424,Violent uprisings
1982_hama_massacre,7,-1.1719892785904236,Violent uprisings
1985_broadwater_farm,-7,8.83447204968944,Violent uprisings
1985_broadwater_farm,-2,3.83447204968944,Violent uprisings
1985_broadwater_farm,-1,4.134472049689441,Violent uprisings
1985_broadwater_farm,0,4.434472049689441,Violent uprisings
1985_broadwater_farm,1,0.83447204968944,Violent uprisings
1985_broadwater_farm,2,0.03447204968943929,Violent uprisings
1985_broadwater_farm,7,2.9344720496894414,Violent uprisings
1985_handsworth_riots,-7,-4.091525423728813,Violent uprisings
1985_handsworth_riots,-2,0.008474576271186862,Violent uprisings
1985_handsworth_riots,-1,0.6084745762711883,Violent uprisings
1985_handsworth_riots,0,1.6084745762711883,Violent uprisings
1985_handsworth_riots,1,3.1084745762711883,Violent uprisings
1985_handsworth_riots,2,5.008474576271187,Violent uprisings
1985_handsworth_riots,7,0.008474576271186862,Violent uprisings
1989_romanian_revolution,-7,-1.9104294478527608,Violent uprisings
1989_romanian_revolution,-2,4.689570552147238,Violent uprisings
1989_romanian_revolution,-1,4.889570552147239,Violent uprisings
1989_romanian_revolution,0,11.889570552147239,Violent uprisings
1989_romanian_revolution,1,12.889570552147237,Violent uprisings
1989_romanian_revolution,2,14.889570552147237,Violent uprisings
1989_romanian_revolution,7,8.489570552147239,Violent uprisings
1989_tiananmen,-7,-0.43156250000000185,Violent uprisings
1989_tiananmen,-2,1.3684374999999989,Violent uprisings
1989_tiananmen,-1,1.268437500000001,Violent uprisings
1989_tiananmen,0,2.068437499999998,Violent uprisings
1989_tiananmen,1,0.06843749999999815,Violent uprisings
1989_tiananmen,2,1.268437500000001,Violent uprisings
1989_tiananmen,7,-4.631562500000001,Violent uprisings
1991_crown_heights,-7,0.41564417177914237,Violent uprisings
1991_crown_heights,-2,4.315644171779141,Violent uprisings
1991_crown_heights,-1,4.315644171779141,Violent uprisings
1991_crown_heights,0,-1.784355828220857,Violent uprisings
1991_crown_heights,1,-4.584355828220858,Violent uprisings
1991_crown_heights,2,-0.6843558282208555,Violent uprisings
1991_crown_heights,7,-1.784355828220857,Violent uprisings
1992_algiers_airport,-7,-2.0243902439024417,Violent uprisings
1992_algiers_airport,-2,3.3756097560975604,Violent uprisings
1992_algiers_airport,-1,2.8756097560975604,Violent uprisings
1992_algiers_airport,0,2.6756097560975576,Violent uprisings
1992_algiers_airport,1,-0.224390243902441,Violent uprisings
1992_algiers_airport,2,2.6756097560975576,Violent uprisings
1992_algiers_airport,7,-3.5243902439024417,Violent uprisings
1992_la_riots,-7,0.7330218068535821,Violent uprisings
1992_la_riots,-2,5.733021806853582,Violent uprisings
1992_la_riots,-1,4.633021806853581,Violent uprisings
1992_la_riots,0,2.9330218068535814,Violent uprisings
1992_la_riots,1,2.4330218068535814,Violent uprisings
1992_la_riots,2,1.33302180685358,Violent uprisings
1992_la_riots,7,0.2330218068535821,Violent uprisings
1993_mogadishu_black_hawk,-7,-0.7060141203266603,Violent uprisings
1993_mogadishu_black_hawk,-2,0.027384317173339667,Violent uprisings
1993_mogadishu_black_hawk,-1,-0.7387289640766603,Violent uprisings
1993_mogadishu_black_hawk,0,-1.1713461515766603,Violent uprisings
1993_mogadishu_black_hawk,1,-0.5595297453266603,Violent uprisings
1993_mogadishu_black_hawk,2,-0.03365083907666033,Violent uprisings
1993_mogadishu_black_hawk,7,-0.8722738859516603,Violent uprisings
1994_rwandan_genocide,-7,2.319010159946771,Violent uprisings
1994_rwandan_genocide,-2,0.923258206821771,Violent uprisings
1994_rwandan_genocide,-1,-1.709554293178229,Violent uprisings
1994_rwandan_genocide,0,-2.600423433803229,Violent uprisings
1994_rwandan_genocide,1,0.833414456821771,Violent uprisings
1994_rwandan_genocide,2,0.542154691196771,Violent uprisings
1994_rwandan_genocide,7,0.38981094119677095,Violent uprisings
1997_albania_unrest,-7,-1.3182904584271746,Violent uprisings
1997_albania_unrest,-2,0.3975298540728254,Violent uprisings
1997_albania_unrest,-1,-1.7421185834271746,Violent uprisings
1997_albania_unrest,0,-0.22136663030217463,Violent uprisings
1997_albania_unrest,1,1.3760454790728254,Violent uprisings
1997_albania_unrest,2,3.0396196978228254,Violent uprisings
1997_albania_unrest,7,0.6511919634478254,Violent uprisings
1998_indonesia_riots,-7,1.1757894736842118,Violent uprisings
1998_indonesia_riots,-1,-0.5242105263157875,Violent uprisings
1998_indonesia_riots,0,1.5757894736842104,Violent uprisings
1998_indonesia_riots,7,0.17578947368421183,Violent uprisings
2001_cincinnati_riots,-7,-4.025095057034221,Violent uprisings
2001_cincinnati_riots,-2,10.374904942965777,Violent uprisings
2001_cincinnati_riots,-1,8.77490494296578,Violent uprisings
2001_cincinnati_riots,0,9.874904942965777,Violent uprisings
2001_cincinnati_riots,1,5.974904942965779,Violent uprisings
2001_cincinnati_riots,2,9.874904942965777,Violent uprisings
2001_cincinnati_riots,7,-5.7250950570342205,Violent uprisings
2005_paris_banlieue_riots,-7,-1.2999999999999954,Violent uprisings
2005_paris_banlieue_riots,-2,2.8000000000000043,Violent uprisings
2005_paris_banlieue_riots,-1,5.400000000000006,Violent uprisings
2005_paris_banlieue_riots,0,6.600000000000005,Violent uprisings
2005_paris_banlieue_riots,1,3.8000000000000043,Violent uprisings
2005_paris_banlieue_riots,7,2.3000000000000043,Violent uprisings
2008_athens_greek_riots,-7,0.7281632653061205,Violent uprisings
2008_athens_greek_riots,-2,5.32816326530612,Violent uprisings
2008_athens_greek_riots,-1,4.128163265306121,Violent uprisings
2008_athens_greek_riots,0,4.128163265306121,Violent uprisings
2008_athens_greek_riots,2,-0.07183673469387841,Violent uprisings
2008_athens_greek_riots,7,2.32816326530612,Violent uprisings
2009_iran_green_movement,-7,-0.9540716612377835,Violent uprisings
2009_iran_green_movement,-2,-2.9540716612377835,Violent uprisings
2009_iran_green_movement,-1,-1.9540716612377835,Violent uprisings
2009_iran_green_movement,0,-1.9540716612377835,Violent uprisings
2009_iran_green_movement,1,-1.9540716612377835,Violent uprisings
2009_iran_green_movement,2,-0.9540716612377835,Violent uprisings
2009_iran_green_movement,7,-5.9540716612377835,Violent uprisings
2010_tunisian_revolution,-7,-0.5415282392026626,Violent uprisings
2010_tunisian_revolution,-2,-6.3415282392026615,Violent uprisings
2010_tunisian_revolution,-1,-7.741528239202662,Violent uprisings
2010_tunisian_revolution,0,-4.741528239202662,Violent uprisings
2010_tunisian_revolution,1,0.058471760797338845,Violent uprisings
2010_tunisian_revolution,2,6.258471760797338,Violent uprisings
2011_bahrain_pearl,-7,-5.086159169550175,Violent uprisings
2011_bahrain_pearl,-2,-2.4861591695501737,Violent uprisings
2011_bahrain_pearl,-1,-4.486159169550174,Violent uprisings
2011_bahrain_pearl,0,-4.486159169550174,Violent uprisings
2011_bahrain_pearl,1,-3.3861591695501723,Violent uprisings
2011_bahrain_pearl,7,2.5138408304498263,Violent uprisings
2011_egyptian_revolution,-7,-0.9451474997610809,Violent uprisings
2011_egyptian_revolution,-2,0.8212099221139191,Violent uprisings
2011_egyptian_revolution,-1,-0.7537412497610809,Violent uprisings
2011_egyptian_revolution,0,-0.7688779685110809,Violent uprisings
2011_egyptian_revolution,1,0.8480653908639191,Violent uprisings
2011_egyptian_revolution,2,1.541668906488919,Violent uprisings
2011_egyptian_revolution,7,2.623456015863919,Violent uprisings
2011_england_riots,-2,-1.0593607305936068,Violent uprisings
2011_england_riots,-1,1.9406392694063932,Violent uprisings
2011_england_riots,0,-3.059360730593607,Violent uprisings
2011_england_riots,1,-3.059360730593607,Violent uprisings
2011_england_riots,7,-0.0593607305936068,Violent uprisings
2011_libyan_civil_war,-7,-0.289655172413795,Violent uprisings
2011_libyan_civil_war,0,-1.4896551724137943,Violent uprisings
2011_libyan_civil_war,1,-0.289655172413795,Violent uprisings
2011_libyan_civil_war,2,1.4103448275862078,Violent uprisings
2011_occupy_wall_street,-7,6.66031746031746,Violent uprisings
2011_occupy_wall_street,-2,2.260317460317461,Violent uprisings
2011_occupy_wall_street,-1,7.860317460317463,Violent uprisings
2011_occupy_wall_street,0,5.560317460317462,Violent uprisings
2011_occupy_wall_street,1,2.260317460317461,Violent uprisings
2011_occupy_wall_street,2,-0.5396825396825395,Violent uprisings
2011_occupy_wall_street,7,-1.6396825396825392,Violent uprisings
2011_syrian_uprising,-7,-4.9605196151265325,Violent uprisings
2011_syrian_uprising,-2,-4.0454805526265325,Violent uprisings
2011_syrian_uprising,-1,-3.0401094588765325,Violent uprisings
2011_syrian_uprising,0,-0.4434297713765325,Violent uprisings
2011_syrian_uprising,1,1.4081327286234675,Violent uprisings
2011_syrian_uprising,2,2.8656522598734675,Violent uprisings
2011_syrian_uprising,7,-2.8594453963765325,Violent uprisings
2011_yemeni_uprising,-7,-1.524069742591184,Violent uprisings
2011_yemeni_uprising,-2,-0.095602945716184,Violent uprisings
2011_yemeni_uprising,-1,1.517678304283816,Violent uprisings
2011_yemeni_uprising,0,1.923928304283816,Violent uprisings
2011_yemeni_uprising,1,1.717141194908816,Violent uprisings
2011_yemeni_uprising,2,1.855813069908816,Violent uprisings
2011_yemeni_uprising,7,1.030617757408816,Violent uprisings
2014_euromaidan,-7,5.19616724738676,Violent uprisings
2014_euromaidan,-2,1.8961672473867597,Violent uprisings
2014_euromaidan,-1,7.19616724738676,Violent uprisings
2014_euromaidan,0,7.79616724738676,Violent uprisings
2014_euromaidan,1,8.796167247386759,Violent uprisings
2014_euromaidan,2,5.69616724738676,Violent uprisings
2014_euromaidan,7,1.4961672473867595,Violent uprisings
2014_ferguson_first,-7,0.39814241486067914,Violent uprisings
2014_ferguson_first,-2,-6.801857585139324,Violent uprisings
2014_ferguson_first,-1,-2.4018575851393216,Violent uprisings
2014_ferguson_first,0,-3.501857585139323,Violent uprisings
2014_ferguson_first,1,-1.3018575851393237,Violent uprisings
2014_ferguson_first,2,-0.7018575851393223,Violent uprisings
2014_ferguson_first,7,-2.9018575851393216,Violent uprisings
2014_ferguson_grand_jury,-7,-16.52857142857143,Violent uprisings
2014_ferguson_grand_jury,-2,2.37142857142857,Violent uprisings
2014_ferguson_grand_jury,-1,0.07142857142857117,Violent uprisings
2014_ferguson_grand_jury,0,0.6714285714285708,Violent uprisings
2014_ferguson_grand_jury,1,-8.22857142857143,Violent uprisings
2014_ferguson_grand_jury,2,-11.028571428571428,Violent uprisings
2014_ferguson_grand_jury,7,-12.62857142857143,Violent uprisings
2015_baltimore_freddie_gray,-7,5.740939597315435,Violent uprisings
2015_baltimore_freddie_gray,-2,-7.059060402684565,Violent uprisings
2015_baltimore_freddie_gray,-1,-4.859060402684564,Violent uprisings
2015_baltimore_freddie_gray,0,-7.059060402684565,Violent uprisings
2015_baltimore_freddie_gray,1,-0.9590604026845639,Violent uprisings
2015_baltimore_freddie_gray,2,-4.859060402684564,Violent uprisings
2015_baltimore_freddie_gray,7,3.540939597315436,Violent uprisings
2017_charlottesville,-7,3.5638364779874223,Violent uprisings
2017_charlottesville,-2,-1.4361635220125741,Violent uprisings
2017_charlottesville,-1,-1.4361635220125741,Violent uprisings
2017_charlottesville,0,-0.8361635220125763,Violent uprisings
2017_charlottesville,2,-0.33616352201257627,Violent uprisings
2017_charlottesville,7,3.5638364779874223,Violent uprisings
2019_chile_estallido,-7,2.356435643564353,Violent uprisings
2019_chile_estallido,-2,-6.543564356435649,Violent uprisings
2019_chile_estallido,-1,-3.043564356435649,Violent uprisings
2019_chile_estallido,0,1.8564356435643532,Violent uprisings
2019_chile_estallido,1,-5.34356435643565,Violent uprisings
2019_chile_estallido,2,-1.4435643564356475,Violent uprisings
2019_chile_estallido,7,5.956435643564351,Violent uprisings
2019_hong_kong_june_12,-7,-0.21258064516129593,Violent uprisings
2019_hong_kong_june_12,-2,0.28741935483870407,Violent uprisings
2019_hong_kong_june_12,-1,-2.212580645161296,Violent uprisings
2019_hong_kong_june_12,0,-0.21258064516129593,Violent uprisings
2019_hong_kong_june_12,1,-0.7125806451612959,Violent uprisings
2019_hong_kong_june_12,2,-0.21258064516129593,Violent uprisings
2019_hong_kong_june_12,7,0.7874193548387041,Violent uprisings
2019_hong_kong_polyu,-7,0.28312101910828247,Violent uprisings
2019_hong_kong_polyu,-2,-0.11687898089171611,Violent uprisings
2019_hong_kong_polyu,-1,0.8831210191082839,Violent uprisings
2019_hong_kong_polyu,0,0.8831210191082839,Violent uprisings
2019_hong_kong_polyu,1,1.8831210191082839,Violent uprisings
2019_hong_kong_polyu,2,-3.116878980891716,Violent uprisings
2019_hong_kong_polyu,7,0.8831210191082839,Violent uprisings
2019_iraq_tishreen,-7,4.271770334928227,Violent uprisings
2019_iraq_tishreen,-2,6.171770334928226,Violent uprisings
2019_iraq_tishreen,-1,5.47177033492823,Violent uprisings
2019_iraq_tishreen,0,5.47177033492823,Violent uprisings
2019_iraq_tishreen,1,7.671770334928226,Violent uprisings
2019_iraq_tishreen,2,4.571770334928232,Violent uprisings
2019_iraq_tishreen,7,4.871770334928229,Violent uprisings
2019_lebanon_thawra,-7,0.7964743589743577,Violent uprisings
2019_lebanon_thawra,-2,7.096474358974355,Violent uprisings
2019_lebanon_thawra,-1,2.7964743589743577,Violent uprisings
2019_lebanon_thawra,0,-0.10352564102564088,Violent uprisings
2019_lebanon_thawra,1,-0.2035256410256423,Violent uprisings
2019_lebanon_thawra,2,0.09647435897435841,Violent uprisings
2019_lebanon_thawra,7,-1.2035256410256423,Violent uprisings
2020_george_floyd_minneapolis,-7,1.1065217391304358,Violent uprisings
2020_george_floyd_minneapolis,-2,5.006521739130438,Violent uprisings
2020_george_floyd_minneapolis,-1,5.006521739130438,Violent uprisings
2020_george_floyd_minneapolis,0,5.006521739130438,Violent uprisings
2020_george_floyd_minneapolis,1,5.606521739130436,Violent uprisings
2020_george_floyd_minneapolis,2,4.506521739130438,Violent uprisings
2020_george_floyd_minneapolis,7,10.606521739130436,Violent uprisings
2021_capitol_storming,-7,0.4420731707317067,Violent uprisings
2021_capitol_storming,-2,0.9420731707317076,Violent uprisings
2021_capitol_storming,-1,-1.2579268292682935,Violent uprisings
2021_capitol_storming,0,-0.6579268292682929,Violent uprisings
2021_capitol_storming,1,1.5420731707317072,Violent uprisings
2021_capitol_storming,2,-3.457926829268293,Violent uprisings
2021_capitol_storming,7,3.2420731707317065,Violent uprisings
2022_iran_mahsa_amini,-7,2.896047430830045,Violent uprisings
2022_iran_mahsa_amini,-2,3.696047430830042,Violent uprisings
2022_iran_mahsa_amini,-1,2.0960474308300476,Violent uprisings
2022_iran_mahsa_amini,0,0.8960474308300448,Violent uprisings
2022_iran_mahsa_amini,1,0.3960474308300448,Violent uprisings
2022_iran_mahsa_amini,2,0.09604743083004763,Violent uprisings
2022_iran_mahsa_amini,7,1.5960474308300476,Violent uprisings
2022_kazakhstan_bloody_january,-7,3.00531561461794,Violent uprisings
2022_kazakhstan_bloody_january,-2,-3.2946843853820598,Violent uprisings
2022_kazakhstan_bloody_january,-1,7.00531561461794,Violent uprisings
2022_kazakhstan_bloody_january,0,5.50531561461794,Violent uprisings
2022_kazakhstan_bloody_january,1,7.00531561461794,Violent uprisings
2022_kazakhstan_bloody_january,2,7.30531561461794,Violent uprisings
2022_kazakhstan_bloody_january,7,-0.5946843853820598,Violent uprisings
2022_sri_lanka_aragalaya,-7,0.9623015873015888,Violent uprisings
2022_sri_lanka_aragalaya,-2,-0.5376984126984112,Violent uprisings
2022_sri_lanka_aragalaya,-1,-0.13769841269841265,Violent uprisings
2022_sri_lanka_aragalaya,0,-0.33769841269841194,Violent uprisings
2022_sri_lanka_aragalaya,1,-0.23769841269841407,Violent uprisings
2022_sri_lanka_aragalaya,2,-0.9376984126984134,Violent uprisings
2022_sri_lanka_aragalaya,7,0.46230158730158877,Violent uprisings
2023_france_nahel_riots,-7,1.718061674008812,Violent uprisings
2023_france_nahel_riots,-2,8.618061674008814,Violent uprisings
2023_france_nahel_riots,-1,-1.281938325991188,Violent uprisings
2023_france_nahel_riots,0,0.018061674008812645,Violent uprisings
2023_france_nahel_riots,1,1.3180616740088134,Violent uprisings
2023_france_nahel_riots,2,0.4180616740088112,Violent uprisings
2023_france_nahel_riots,7,-0.48193832599118736,Violent uprisings
2024_bangladesh_july_uprising,-7,1.936138613861388,Violent uprisings
2024_bangladesh_july_uprising,-2,-0.5638613861386119,Violent uprisings
2024_bangladesh_july_uprising,-1,1.436138613861388,Violent uprisings
2024_bangladesh_july_uprising,0,1.636138613861391,Violent uprisings
2024_bangladesh_july_uprising,1,0.9361386138613881,Violent uprisings
2024_bangladesh_july_uprising,2,1.936138613861388,Violent uprisings
2024_bangladesh_july_uprising,7,-1.8638613861386126,Violent uprisings
2024_new_caledonia_riots,-7,-0.7110091743119327,Violent uprisings
2024_new_caledonia_riots,-2,-1.6110091743119312,Violent uprisings
2024_new_caledonia_riots,-1,-1.5110091743119298,Violent uprisings
2024_new_caledonia_riots,0,1.088990825688068,Violent uprisings
2024_new_caledonia_riots,1,0.8889908256880688,Violent uprisings
2024_new_caledonia_riots,2,0.28899082568806733,Violent uprisings
2024_new_caledonia_riots,7,-0.911009174311932,Violent uprisings
1851_great_exhibition_open,-7,-1.3610561056105617,Peaceful gatherings
1851_great_exhibition_open,-2,-5.061056105610562,Peaceful gatherings
1851_great_exhibition_open,-1,-5.061056105610562,Peaceful gatherings
1851_great_exhibition_open,0,-3.561056105610562,Peaceful gatherings
1851_great_exhibition_open,1,-3.8610561056105617,Peaceful gatherings
1851_great_exhibition_open,2,-5.661056105610562,Peaceful gatherings
1851_great_exhibition_open,7,-1.0610561056105627,Peaceful gatherings
1887_victoria_golden_jubilee,-7,6.419230769230769,Peaceful gatherings
1887_victoria_golden_jubilee,-2,7.419230769230769,Peaceful gatherings
1887_victoria_golden_jubilee,-1,0.51923076923077,Peaceful gatherings
1887_victoria_golden_jubilee,0,2.7192307692307693,Peaceful gatherings
1887_victoria_golden_jubilee,1,3.01923076923077,Peaceful gatherings
1887_victoria_golden_jubilee,2,5.01923076923077,Peaceful gatherings
1887_victoria_golden_jubilee,7,3.319230769230767,Peaceful gatherings
1897_victoria_diamond_jubilee,-7,-0.3702797202797221,Peaceful gatherings
1897_victoria_diamond_jubilee,-2,-3.0702797202797214,Peaceful gatherings
1897_victoria_diamond_jubilee,-1,0.8297202797202807,Peaceful gatherings
1897_victoria_diamond_jubilee,0,3.2297202797202793,Peaceful gatherings
1897_victoria_diamond_jubilee,1,7.229720279720279,Peaceful gatherings
1897_victoria_diamond_jubilee,2,4.729720279720279,Peaceful gatherings
1897_victoria_diamond_jubilee,7,2.2297202797202793,Peaceful gatherings
1900_exposition_paris_open,-7,-3.501772732204861,Peaceful gatherings
1900_exposition_paris_open,-2,-1.396334499782986,Peaceful gatherings
1900_exposition_paris_open,-1,-1.099062771267361,Peaceful gatherings
1900_exposition_paris_open,0,1.206174045138889,Peaceful gatherings
1900_exposition_paris_open,1,5.544522433810764,Peaceful gatherings
1900_exposition_paris_open,2,0.07336154513888893,Peaceful gatherings
1900_exposition_paris_open,7,6.561368136935764,Peaceful gatherings
1911_george_v_coronation,-7,0.31748251748251377,Peaceful gatherings
1911_george_v_coronation,-2,-0.2825174825174841,Peaceful gatherings
1911_george_v_coronation,-1,-0.3825174825174855,Peaceful gatherings
1911_george_v_coronation,0,-0.7825174825174841,Peaceful gatherings
1911_george_v_coronation,1,-0.4825174825174834,Peaceful gatherings
1911_george_v_coronation,2,-2.082517482517485,Peaceful gatherings
1911_george_v_coronation,7,-0.9825174825174834,Peaceful gatherings
1919_paris_peace_treaty,-7,-1.0908020019531257,Peaceful gatherings
1919_paris_peace_treaty,-2,-5.004467773437501,Peaceful gatherings
1919_paris_peace_treaty,-1,-3.4116333007812507,Peaceful gatherings
1919_paris_peace_treaty,0,-1.1212585449218757,Peaceful gatherings
1919_paris_peace_treaty,1,-4.303356933593751,Peaceful gatherings
1919_paris_peace_treaty,2,-4.836163330078126,Peaceful gatherings
1919_paris_peace_treaty,7,0.5863830566406243,Peaceful gatherings
1937_george_vi_coronation,-7,-2.7658783783783765,Peaceful gatherings
1937_george_vi_coronation,-2,-1.8658783783783761,Peaceful gatherings
1937_george_vi_coronation,-1,-4.365878378378376,Peaceful gatherings
1937_george_vi_coronation,0,-3.665878378378377,Peaceful gatherings
1937_george_vi_coronation,1,-3.665878378378377,Peaceful gatherings
1937_george_vi_coronation,2,0.3341216216216232,Peaceful gatherings
1937_george_vi_coronation,7,1.0341216216216225,Peaceful gatherings
1945_ve_day_london,-7,-7.283783783783782,Peaceful gatherings
1945_ve_day_london,-2,0.9162162162162168,Peaceful gatherings
1945_ve_day_london,-1,4.516216216216218,Peaceful gatherings
1945_ve_day_london,0,4.616216216216216,Peaceful gatherings
1945_ve_day_london,1,4.716216216216218,Peaceful gatherings
1945_ve_day_london,2,2.7162162162162176,Peaceful gatherings
1945_ve_day_london,7,1.5162162162162183,Peaceful gatherings
1945_ve_day_paris,-7,-8.228235294117649,Peaceful gatherings
1945_ve_day_paris,-2,0.6717647058823495,Peaceful gatherings
1945_ve_day_paris,-1,8.47176470588235,Peaceful gatherings
1945_ve_day_paris,0,8.97176470588235,Peaceful gatherings
1945_ve_day_paris,1,7.271764705882351,Peaceful gatherings
1945_ve_day_paris,2,8.47176470588235,Peaceful gatherings
1945_ve_day_paris,7,5.6717647058823495,Peaceful gatherings
1953_elizabeth_ii_coronation,-7,2.4037931034482796,Peaceful gatherings
1953_elizabeth_ii_coronation,-2,-3.696206896551722,Peaceful gatherings
1953_elizabeth_ii_coronation,-1,-4.7962068965517215,Peaceful gatherings
1953_elizabeth_ii_coronation,0,-7.59620689655172,Peaceful gatherings
1953_elizabeth_ii_coronation,1,-9.796206896551721,Peaceful gatherings
1953_elizabeth_ii_coronation,2,-4.7962068965517215,Peaceful gatherings
1953_elizabeth_ii_coronation,7,1.3037931034482781,Peaceful gatherings
1963_jfk_funeral,-7,9.137885462555067,Peaceful gatherings
1963_jfk_funeral,-2,4.137885462555067,Peaceful gatherings
1963_jfk_funeral,-1,-3.0621145374449323,Peaceful gatherings
1963_jfk_funeral,0,-5.862114537444933,Peaceful gatherings
1963_jfk_funeral,1,-6.362114537444933,Peaceful gatherings
1963_jfk_funeral,2,5.237885462555068,Peaceful gatherings
1963_jfk_funeral,7,-6.962114537444933,Peaceful gatherings
1963_march_on_washington,-7,-1.2691983122362878,Peaceful gatherings
1963_march_on_washington,-2,-2.969198312236287,Peaceful gatherings
1963_march_on_washington,-1,-2.369198312236289,Peaceful gatherings
1963_march_on_washington,0,-1.7691983122362878,Peaceful gatherings
1963_march_on_washington,1,-2.969198312236287,Peaceful gatherings
1963_march_on_washington,2,-1.2691983122362878,Peaceful gatherings
1963_march_on_washington,7,-1.7691983122362878,Peaceful gatherings
1965_selma_march,-1,-6.954838709677415,Peaceful gatherings
1965_selma_march,0,-3.5548387096774157,Peaceful gatherings
1965_selma_march,1,4.145161290322585,Peaceful gatherings
1969_moon_landing_crowds,-7,1.7279141104294453,Peaceful gatherings
1969_moon_landing_crowds,-2,1.7279141104294453,Peaceful gatherings
1969_moon_landing_crowds,-1,0.6279141104294439,Peaceful gatherings
1969_moon_landing_crowds,0,2.3279141104294396,Peaceful gatherings
1969_moon_landing_crowds,1,2.3279141104294396,Peaceful gatherings
1969_moon_landing_crowds,2,1.7279141104294453,Peaceful gatherings
1969_moon_landing_crowds,7,2.8279141104294396,Peaceful gatherings
1969_woodstock,-7,-2.332822085889571,Peaceful gatherings
1969_woodstock,-2,-3.4328220858895726,Peaceful gatherings
1969_woodstock,-1,-4.532822085889572,Peaceful gatherings
1969_woodstock,0,-0.1328220858895719,Peaceful gatherings
1969_woodstock,1,-5.132822085889572,Peaceful gatherings
1969_woodstock,2,-2.332822085889571,Peaceful gatherings
1969_woodstock,7,-5.132822085889572,Peaceful gatherings
1977_silver_jubilee,-7,-5.635587188612099,Peaceful gatherings
1977_silver_jubilee,-2,-4.635587188612099,Peaceful gatherings
1977_silver_jubilee,-1,-4.635587188612099,Peaceful gatherings
1977_silver_jubilee,0,-5.635587188612099,Peaceful gatherings
1977_silver_jubilee,1,-3.6355871886120994,Peaceful gatherings
1977_silver_jubilee,2,-4.635587188612099,Peaceful gatherings
1977_silver_jubilee,7,-5.635587188612099,Peaceful gatherings
1981_charles_diana_wedding,-7,-5.065757575757576,Peaceful gatherings
1981_charles_diana_wedding,-2,1.9342424242424237,Peaceful gatherings
1981_charles_diana_wedding,-1,2.9342424242424237,Peaceful gatherings
1981_charles_diana_wedding,0,0.9342424242424237,Peaceful gatherings
1981_charles_diana_wedding,1,-0.06575757575757635,Peaceful gatherings
1981_charles_diana_wedding,2,-1.0657575757575763,Peaceful gatherings
1981_charles_diana_wedding,7,5.934242424242424,Peaceful gatherings
1985_live_aid_london,-7,-1.0591331269349844,Peaceful gatherings
1985_live_aid_london,-2,-2.5591331269349844,Peaceful gatherings
1985_live_aid_london,-1,1.3408668730650142,Peaceful gatherings
1985_live_aid_london,0,5.840866873065014,Peaceful gatherings
1985_live_aid_london,1,1.3408668730650142,Peaceful gatherings
1985_live_aid_london,2,-2.359133126934985,Peaceful gatherings
1985_live_aid_london,7,-3.959133126934983,Peaceful gatherings
1985_live_aid_philadelphia,-7,-1.677914110429441,Peaceful gatherings
1985_live_aid_philadelphia,-2,-1.177914110429441,Peaceful gatherings
1985_live_aid_philadelphia,-1,-2.277914110429439,Peaceful gatherings
1985_live_aid_philadelphia,0,0.5220858895705618,Peaceful gatherings
1985_live_aid_philadelphia,1,1.6220858895705632,Peaceful gatherings
1985_live_aid_philadelphia,2,1.6220858895705632,Peaceful gatherings
1985_live_aid_philadelphia,7,1.6220858895705632,Peaceful gatherings
1989_berlin_wall_fall,-7,4.296632996632996,Peaceful gatherings
1989_berlin_wall_fall,-2,1.7966329966329964,Peaceful gatherings
1989_berlin_wall_fall,-1,-0.0033670033670034627,Peaceful gatherings
1989_berlin_wall_fall,0,3.1966329966329967,Peaceful gatherings
1989_berlin_wall_fall,1,2.096632996632997,Peaceful gatherings
1989_berlin_wall_fall,2,3.2966329966329964,Peaceful gatherings
1989_berlin_wall_fall,7,-0.103367003367004,Peaceful gatherings
1990_mandela_release_concert,-7,-1.990645161290324,Peaceful gatherings
1990_mandela_release_concert,-2,-2.3906451612903243,Peaceful gatherings
1990_mandela_release_concert,-1,-1.1906451612903233,Peaceful gatherings
1990_mandela_release_concert,0,-1.3906451612903243,Peaceful gatherings
1990_mandela_release_concert,1,-1.3906451612903243,Peaceful gatherings
1990_mandela_release_concert,2,-1.0906451612903236,Peaceful gatherings
1990_mandela_release_concert,7,3.709354838709677,Peaceful gatherings
1995_million_man_march,-7,1.6632653061224474,Peaceful gatherings
1995_million_man_march,-2,5.5632653061224495,Peaceful gatherings
1995_million_man_march,-1,-2.8367346938775526,Peaceful gatherings
1995_million_man_march,0,-3.3367346938775526,Peaceful gatherings
1995_million_man_march,1,-1.7367346938775512,Peaceful gatherings
1995_million_man_march,2,-0.6367346938775533,Peaceful gatherings
1995_million_man_march,7,2.1632653061224474,Peaceful gatherings
1997_diana_funeral,-7,2.501980198019801,Peaceful gatherings
1997_diana_funeral,-2,2.501980198019801,Peaceful gatherings
1997_diana_funeral,-1,0.4019801980197997,Peaceful gatherings
1997_diana_funeral,0,1.601980198019799,Peaceful gatherings
1997_diana_funeral,1,3.301980198019802,Peaceful gatherings
1997_diana_funeral,2,3.2019801980198004,Peaceful gatherings
2002_golden_jubilee,0,-4.232456140350877,Peaceful gatherings
2003_iraq_war_protest_london,-2,-5.357466063348416,Peaceful gatherings
2003_iraq_war_protest_london,-1,-4.557466063348416,Peaceful gatherings
2003_iraq_war_protest_london,0,-4.957466063348416,Peaceful gatherings
2003_iraq_war_protest_rome,-7,-1.7565957446808511,Peaceful gatherings
2003_iraq_war_protest_rome,-2,-5.1565957446808515,Peaceful gatherings
2003_iraq_war_protest_rome,-1,-5.3565957446808525,Peaceful gatherings
2003_iraq_war_protest_rome,0,-2.556595744680852,Peaceful gatherings
2003_iraq_war_protest_rome,1,-1.5565957446808518,Peaceful gatherings
2003_iraq_war_protest_rome,2,-0.15659574468085147,Peaceful gatherings
2005_live_8_london,-7,-3.399163179916318,Peaceful gatherings
2005_live_8_london,-2,-4.599163179916317,Peaceful gatherings
2005_live_8_london,-1,-1.0991631799163173,Peaceful gatherings
2005_live_8_london,0,-1.7991631799163166,Peaceful gatherings
2005_live_8_london,1,-3.2991631799163166,Peaceful gatherings
2005_live_8_london,7,-0.9991631799163159,Peaceful gatherings
2009_obama_inauguration,-7,-3.3876923076923076,Peaceful gatherings
2009_obama_inauguration,-2,-3.8876923076923076,Peaceful gatherings
2009_obama_inauguration,-1,-4.487692307692307,Peaceful gatherings
2009_obama_inauguration,0,-7.787692307692307,Peaceful gatherings
2009_obama_inauguration,1,-6.087692307692308,Peaceful gatherings
2009_obama_inauguration,2,-2.287692307692307,Peaceful gatherings
2009_obama_inauguration,7,-7.687692307692307,Peaceful gatherings
2011_william_kate_wedding,-2,1.6417910447761201,Peaceful gatherings
2011_william_kate_wedding,0,4.64179104477612,Peaceful gatherings
2011_william_kate_wedding,1,3.64179104477612,Peaceful gatherings
2011_william_kate_wedding,2,1.6417910447761201,Peaceful gatherings
2011_william_kate_wedding,7,9.64179104477612,Peaceful gatherings
2012_diamond_jubilee,-7,4.110132158590307,Peaceful gatherings
2012_diamond_jubilee,-1,-3.8898678414096928,Peaceful gatherings
2012_diamond_jubilee,0,-8.889867841409693,Peaceful gatherings
2012_diamond_jubilee,1,-6.889867841409693,Peaceful gatherings
2012_diamond_jubilee,7,-3.8898678414096928,Peaceful gatherings
2013_mandela_funeral,-2,-3.2064220183486256,Peaceful gatherings
2013_mandela_funeral,-1,-3.2064220183486256,Peaceful gatherings
2013_mandela_funeral,0,-10.206422018348626,Peaceful gatherings
2013_mandela_funeral,1,-2.2064220183486256,Peaceful gatherings
2013_mandela_funeral,2,-1.2064220183486256,Peaceful gatherings
2013_mandela_funeral,7,-1.2064220183486256,Peaceful gatherings
2014_world_cup_final,-7,2.649542123993484,Peaceful gatherings
2014_world_cup_final,-2,-3.169061391631516,Peaceful gatherings
2014_world_cup_final,-1,-2.354852407256516,Peaceful gatherings
2014_world_cup_final,0,-1.6226746728815158,Peaceful gatherings
2014_world_cup_final,1,-1.8216492822565158,Peaceful gatherings
2014_world_cup_final,2,-0.9554383447565158,Peaceful gatherings
2014_world_cup_final,7,-3.052362172881516,Peaceful gatherings
2015_paris_je_suis_charlie,-2,7.305280528052804,Peaceful gatherings
2015_paris_je_suis_charlie,-1,7.605280528052805,Peaceful gatherings
2015_paris_je_suis_charlie,0,1.2052805280528043,Peaceful gatherings
2015_paris_je_suis_charlie,1,1.7052805280528043,Peaceful gatherings
2015_paris_je_suis_charlie,2,3.305280528052804,Peaceful gatherings
2015_paris_je_suis_charlie,7,-1.2947194719471957,Peaceful gatherings
2017_womens_march_washington,-7,-1.0328220858895714,Peaceful gatherings
2017_womens_march_washington,-2,4.567177914110428,Peaceful gatherings
2017_womens_march_washington,-1,2.2671779141104293,Peaceful gatherings
2017_womens_march_washington,0,2.867177914110429,Peaceful gatherings
2017_womens_march_washington,1,3.9671779141104286,Peaceful gatherings
2017_womens_march_washington,2,2.867177914110429,Peaceful gatherings
2017_womens_march_washington,7,2.2671779141104293,Peaceful gatherings
2018_us_climate_march,-7,-2.189719626168227,Peaceful gatherings
2018_us_climate_march,-2,8.310280373831773,Peaceful gatherings
2018_us_climate_march,-1,8.910280373831771,Peaceful gatherings
2018_us_climate_march,0,12.81028037383177,Peaceful gatherings
2018_us_climate_march,1,11.110280373831774,Peaceful gatherings
2018_us_climate_march,2,8.910280373831771,Peaceful gatherings
2018_us_climate_march,7,-1.6897196261682268,Peaceful gatherings
2019_climate_strike_september,-7,-3.116595744680854,Peaceful gatherings
2019_climate_strike_september,-1,-2.0165957446808562,Peaceful gatherings
2019_climate_strike_september,0,1.2834042553191445,Peaceful gatherings
2019_climate_strike_september,2,4.683404255319147,Peaceful gatherings
2019_hong_kong_june_16_march,-7,0.5951612903225794,Peaceful gatherings
2019_hong_kong_june_16_march,-2,-0.2048387096774178,Peaceful gatherings
2019_hong_kong_june_16_march,-1,0.09516129032257936,Peaceful gatherings
2019_hong_kong_june_16_march,0,-1.1048387096774164,Peaceful gatherings
2019_hong_kong_june_16_march,1,-0.9048387096774171,Peaceful gatherings
2019_hong_kong_june_16_march,2,-0.2048387096774178,Peaceful gatherings
2019_hong_kong_june_16_march,7,0.19516129032258078,Peaceful gatherings
2020_blm_dc_june_6,-7,-0.7492113564668834,Peaceful gatherings
2020_blm_dc_june_6,-2,3.650788643533115,Peaceful gatherings
2020_blm_dc_june_6,-1,1.4507886435331194,Peaceful gatherings
2020_blm_dc_june_6,0,3.150788643533115,Peaceful gatherings
2020_blm_dc_june_6,1,-1.8492113564668813,Peaceful gatherings
2020_blm_dc_june_6,2,-1.3492113564668813,Peaceful gatherings
2020_blm_dc_june_6,7,-2.9492113564668827,Peaceful gatherings
2022_qe2_funeral,-7,4.756000000000004,Peaceful gatherings
2022_qe2_funeral,-2,-3.743999999999998,Peaceful gatherings
2022_qe2_funeral,-1,-4.143999999999998,Peaceful gatherings
2022_qe2_funeral,0,-3.8439999999999976,Peaceful gatherings
2022_qe2_funeral,1,-2.043999999999997,Peaceful gatherings
2022_qe2_funeral,2,-0.34399999999999764,Peaceful gatherings
2022_qe2_funeral,7,-5.343999999999998,Peaceful gatherings
2023_charles_iii_coronation,-7,-0.7225531914893608,Peaceful gatherings
2023_charles_iii_coronation,-2,-1.0225531914893615,Peaceful gatherings
2023_charles_iii_coronation,-1,-1.3225531914893622,Peaceful gatherings
2023_charles_iii_coronation,0,-2.8225531914893622,Peaceful gatherings
2023_charles_iii_coronation,1,1.877446808510637,Peaceful gatherings
2023_charles_iii_coronation,2,-3.3225531914893622,Peaceful gatherings
2023_charles_iii_coronation,7,-1.622553191489363,Peaceful gatherings
2024_taylor_swift_eras_paris,-7,-5.932394366197181,Peaceful gatherings
2024_taylor_swift_eras_paris,-2,-0.43239436619717964,Peaceful gatherings
2024_taylor_swift_eras_paris,-1,-3.532394366197181,Peaceful gatherings
2024_taylor_swift_eras_paris,0,1.967605633802819,Peaceful gatherings
2024_taylor_swift_eras_paris,1,5.06760563380282,Peaceful gatherings
2024_taylor_swift_eras_paris,2,6.967605633802819,Peaceful gatherings
2024_taylor_swift_eras_paris,7,0.46760563380281894,Peaceful gatherings
